{"cameraMode":{"drawMode":0,"name":"Shaded","section":"Shading Mode"},"sceneLighting":true,"audioPlay":false,"sceneViewState":{"showFog":true,"showMaterialUpdate":false,"showSkybox":true,"showFlares":true,"showImageEffects":true,"showParticleSystems":true},"in2DMode":false,"pivot":{"x":0.2596510052680969,"y":0.13157179951667787,"z":13.038437843322754},"rotation":{"x":-0.13411106169223786,"y":0.5845835208892822,"z":-0.09872855991125107,"w":-0.7940763235092163},"size":10.0,"orthographic":false}