{"cameraMode":{"drawMode":0,"name":"Shaded","section":"Shading Mode"},"sceneLighting":true,"audioPlay":false,"sceneViewState":{"showFog":true,"showMaterialUpdate":false,"showSkybox":true,"showFlares":true,"showImageEffects":true,"showParticleSystems":true},"in2DMode":false,"pivot":{"x":-1.7163867950439454,"y":-0.3095521926879883,"z":-9.483441352844239},"rotation":{"x":-0.0604529082775116,"y":0.8098279237747192,"z":-0.08477672934532166,"w":-0.5773897171020508},"size":20.829944610595704,"orthographic":false}